score	mutant
1.51792955	Q2A
1.024400282	Q2C
0.910664947	Q2D
0.951582414	Q2E
1.616819208	Q2F
1.289636942	Q2G
1.226163764	Q2H
1.269791949	Q2I
1.330503695	Q2K
1.374227706	Q2L
1.444546878	Q2M
1.131505662	Q2N
1.423905603	Q2P
1.548118509	Q2R
1.274878334	Q2S
1.325407967	Q2T
1.176063361	Q2V
1.455875858	Q2W
1.392528078	Q2Y
0.578639713	Y3A
0.616255783	Y3C
0.009525935	Y3D
0.008842277	Y3E
1.054259853	Y3F
0.034045691	Y3G
1.150842158	Y3H
0.287660661	Y3I
0.051976831	Y3K
0.790860837	Y3L
0.603748991	Y3M
0.11118034	Y3N
0.068586652	Y3P
0.180962096	Y3Q
0.081914511	Y3R
0.277402493	Y3S
0.150686135	Y3T
0.305298972	Y3V
1.113754619	Y3W
0.701562324	K4A
0.760899647	K4C
0.581819671	K4D
0.607821681	K4E
0.762182768	K4F
0.565603452	K4G
0.752323302	K4H
0.965114002	K4I
1.330318242	K4L
0.958347338	K4M
0.692467054	K4N
0.03244861	K4P
0.896998717	K4Q
1.020730567	K4R
0.745298851	K4S
0.837561445	K4T
0.965917097	K4V
0.931309965	K4W
0.772175772	K4Y
0.565469267	L5A
0.779764839	L5C
0.003904574	L5D
0.007260472	L5E
0.520259563	L5F
0.2232856	L5G
0.186974923	L5H
0.206023729	L5I
0.013858024	L5K
0.368412345	L5M
0.390518322	L5N
0.00712199	L5P
0.201839855	L5Q
0.010230004	L5R
0.431413681	L5S
0.584018957	L5T
0.724469392	L5V
0.048122406	L5W
0.082620218	L5Y
0.734369274	I6A
0.864050213	I6C
0.687812069	I6D
1.141097333	I6E
1.264448081	I6F
1.145376833	I6G
1.089991393	I6H
1.086670758	I6K
1.419137594	I6L
0.830597777	I6M
0.832946945	I6N
0.004109089	I6P
1.101014448	I6Q
1.100563792	I6R
0.7694213	I6S
1.075217365	I6T
1.055029625	I6V
1.221303108	I6W
1.410731218	I6Y
0.932480586	L7A
1.035901789	L7C
0.023427792	L7D
0.134207955	L7E
0.372171453	L7F
0.267324656	L7G
0.054324349	L7H
1.699092312	L7I
0.260597066	L7K
0.412952791	L7M
0.206598185	L7N
0.520403725	L7P
0.180971785	L7Q
0.117823437	L7R
0.639299032	L7S
0.850672641	L7T
1.256817461	L7V
0.058858419	L7W
0.122160035	L7Y
1.022137776	N8A
1.110312068	N8C
0.94021041	N8D
0.934842152	N8E
1.594136187	N8F
0.915003358	N8G
1.305576875	N8H
0.910282705	N8I
1.29447164	N8K
0.96313997	N8L
0.745044598	N8M
0.022227891	N8P
1.097323868	N8Q
1.419562577	N8R
0.938057448	N8S
0.65999962	N8T
0.898525027	N8V
1.268310775	N8W
1.581725001	N8Y
0.797744995	G9A
0.633685321	G9C
0.132815352	G9D
0.113100369	G9E
0.258662138	G9F
0.207060827	G9H
0.138115344	G9I
0.122561592	G9K
0.195861968	G9L
0.147630571	G9M
0.121401941	G9N
0.237942386	G9P
0.127746095	G9Q
0.24476683	G9R
0.410687683	G9S
0.30599962	G9T
0.15624389	G9V
0.269656365	G9W
0.250731938	G9Y
0.945530805	K10A
0.98435142	K10C
0.955070404	K10D
0.877040273	K10E
0.983785618	K10F
0.67381495	K10G
1.101580339	K10H
1.054581468	K10I
1.061429045	K10L
0.712856058	K10M
1.146654062	K10N
0.398911798	K10P
0.984904381	K10Q
1.575762655	K10R
0.903018501	K10S
1.080174953	K10T
1.106891499	K10V
1.107701848	K10W
1.033034708	K10Y
0.348773532	T11A
0.39976112	T11C
0.329469045	T11D
0.307619914	T11E
0.387013814	T11F
0.27940215	T11G
0.379433374	T11H
0.356930434	T11I
0.385197482	T11K
0.364234356	T11L
0.237597307	T11M
0.403236589	T11N
0.180834099	T11P
0.370177697	T11Q
0.411714554	T11R
0.739945567	T11S
0.390986764	T11V
0.402391236	T11W
0.414884909	T11Y
0.180892604	L12A
0.29943563	L12C
0.133132738	L12D
0.162317682	L12E
0.376631081	L12F
0.178965348	L12G
0.181672992	L12H
0.449356744	L12I
0.196535079	L12K
0.278583344	L12M
0.1423355	L12N
0.104687435	L12P
0.212073734	L12Q
0.196053494	L12R
0.179750949	L12S
0.227520749	L12T
0.332154193	L12V
0.159545005	L12W
0.131851716	L12Y
0.985705863	K13A
1.174495538	K13C
0.553788497	K13D
0.835052524	K13E
0.823122058	K13F
0.751024072	K13G
0.778178014	K13H
0.887803537	K13I
0.634435482	K13L
0.885171144	K13M
1.121215998	K13N
0.17809321	K13P
0.934332416	K13Q
1.41072358	K13R
1.592799338	K13S
1.683699594	K13T
1.085265405	K13V
1.865637144	K13W
0.615984049	K13Y
0.221812737	G14A
0.223278927	G14C
0.135313664	G14D
0.245575698	G14E
0.121817621	G14F
0.207445272	G14H
0.211894101	G14I
0.12871029	G14K
0.139972591	G14L
0.0795654	G14M
0.214853923	G14N
0.086034288	G14P
0.201412575	G14Q
0.166454172	G14R
0.207282605	G14S
0.241192895	G14T
0.239017701	G14V
0.27320198	G14W
0.167542055	G14Y
0.896248556	E15A
1.236496769	E15C
0.612252679	E15D
1.236264224	E15F
0.505162126	E15G
1.688068471	E15H
1.3972499	E15I
1.07387019	E15K
0.967502686	E15L
0.83510057	E15M
0.817805686	E15N
0.213021566	E15P
1.371531728	E15Q
1.430005046	E15R
1.530886458	E15S
1.470448543	E15T
1.484814738	E15V
1.451339562	E15W
1.662948678	E15Y
0.441244914	T16A
0.540357122	T16C
0.220822978	T16D
0.460180674	T16E
0.39146903	T16F
0.465953004	T16G
0.542619268	T16H
0.836503196	T16I
0.820639338	T16K
0.761530698	T16L
0.540214431	T16M
0.452100898	T16N
0.422614048	T16P
0.696275209	T16Q
1.004351497	T16R
0.56391724	T16S
0.73814301	T16V
0.303427515	T16W
0.389938485	T16Y
1.229016721	T17A
1.116493868	T17C
0.4370949	T17D
0.716162898	T17E
1.105133924	T17F
1.876516931	T17G
1.342277452	T17H
0.723100413	T17I
1.028768348	T17K
0.845254603	T17L
0.938283919	T17M
0.775810837	T17N
0.350833351	T17P
1.093840931	T17Q
1.43809382	T17R
1.155978113	T17S
0.775450723	T17V
1.45427082	T17W
1.112712928	T17Y
1.107570379	T18A
1.183474588	T18C
0.276619718	T18D
0.261661619	T18E
0.919844333	T18F
0.646620259	T18G
1.02021467	T18H
0.859085055	T18I
1.138550343	T18K
0.588140497	T18L
0.35823111	T18M
0.810437052	T18N
0.039894217	T18P
0.677331167	T18Q
1.201638213	T18R
0.947673963	T18S
1.150837329	T18V
0.982582759	T18W
0.964772092	T18Y
1.460938039	E19A
1.339022929	E19C
1.189216784	E19D
1.562367193	E19F
1.409851828	E19G
1.488797939	E19H
1.585030653	E19I
1.558062164	E19K
1.545176678	E19L
1.174376195	E19M
1.506993272	E19N
1.523280297	E19P
1.483660911	E19Q
1.61703516	E19R
1.402046789	E19S
1.400103963	E19T
1.577319529	E19V
1.561318769	E19W
1.527565608	E19Y
0.891299784	A20C
0.279827361	A20D
0.401258765	A20E
0.243100997	A20F
0.921196693	A20G
0.595414316	A20H
0.332156954	A20I
1.640286058	A20K
0.399535015	A20L
0.537362712	A20M
0.788199323	A20N
0.306130935	A20P
0.888087778	A20Q
2.372202477	A20R
1.122989418	A20S
1.089606027	A20T
1.061690375	A20V
0.394923852	A20W
0.312425371	A20Y
0.988535235	V21A
1.10180619	V21C
0.746521566	V21D
0.658531716	V21E
1.358065811	V21F
1.11972177	V21G
1.07702448	V21H
1.152074851	V21I
0.992821758	V21K
1.025108238	V21L
0.76418005	V21M
1.110299755	V21N
0.917090584	V21P
0.975045843	V21Q
1.548716029	V21R
0.998182978	V21S
0.952115064	V21T
1.448932838	V21W
1.362057714	V21Y
1.656777233	D22A
1.441547689	D22C
1.561744018	D22E
1.419638932	D22F
1.484134993	D22G
1.420991864	D22H
1.438552351	D22I
1.060859227	D22K
1.485824355	D22L
1.163776172	D22M
1.250227008	D22N
1.016315072	D22P
1.574744265	D22Q
1.243868533	D22R
1.251619664	D22S
1.393575338	D22T
1.544807826	D22V
1.640209679	D22W
1.419383913	D22Y
0.344836021	A23C
0.405930315	A23D
0.265571385	A23E
0.008280771	A23F
0.513894825	A23G
0.071344642	A23H
0.085099876	A23I
0.063505722	A23K
0.08335228	A23L
0.03570128	A23M
0.556746796	A23N
1.075326559	A23P
0.082164642	A23Q
0.059845193	A23R
0.85476585	A23S
0.343586888	A23T
0.253548399	A23V
0.005846707	A23W
0.006791846	A23Y
1.948816054	A24C
1.072493556	A24D
3.524574041	A24E
3.652134633	A24F
2.462059253	A24G
3.720011308	A24H
1.462347199	A24I
0.156874554	A24K
1.303943896	A24L
2.148531794	A24M
2.44301367	A24N
3.468044324	A24P
2.800017555	A24Q
0.474441311	A24R
2.085853185	A24S
2.432895006	A24T
1.63267497	A24V
4.288176984	A24W
5.021864412	A24Y
1.158377712	T25A
1.404959635	T25C
0.377876339	T25D
0.352420656	T25E
1.791713708	T25F
0.930890973	T25G
1.416908926	T25H
1.51096265	T25I
1.23208945	T25K
1.123915293	T25L
2.050886435	T25M
0.949910968	T25N
1.196317208	T25P
1.648787091	T25Q
2.362632987	T25R
1.476366739	T25S
0.950329262	T25V
2.170777075	T25W
1.160342889	T25Y
0.736224107	A26C
0.005915867	A26D
0.007395425	A26E
0.007474323	A26F
1.153009415	A26G
0.006518116	A26H
0.149047521	A26I
0.005294921	A26K
0.010092916	A26L
0.121932927	A26M
0.014201457	A26N
0.233492447	A26P
0.063012916	A26Q
0.009160458	A26R
1.039712745	A26S
0.440854544	A26T
0.324487536	A26V
0.024880546	A26W
0.008113474	A26Y
0.002307219	E27A
0.005140892	E27C
0.003480442	E27D
0.002162012	E27F
0.003089269	E27G
0.002804816	E27H
0.003050792	E27I
0.002462313	E27K
0.002485793	E27L
0.002430433	E27M
0.002840466	E27N
0.003528577	E27P
0.002461479	E27Q
0.002340466	E27R
0.002413687	E27S
0.002947321	E27T
0.002818083	E27V
0.002388446	E27W
0.00290494	E27Y
0.050092823	K28A
0.13601163	K28C
0.00501938	K28D
0.005217753	K28E
0.138812905	K28F
0.047920026	K28G
0.099729206	K28H
0.282397723	K28I
0.195469891	K28L
0.129140921	K28M
0.042932823	K28N
0.073404338	K28P
0.052568696	K28Q
0.427459029	K28R
0.040374489	K28S
0.092565713	K28T
0.170842984	K28V
0.039818994	K28W
0.044401829	K28Y
1.340741892	V29A
1.318098712	V29C
0.25634167	V29D
0.285769439	V29E
1.00277728	V29F
0.968168488	V29G
1.189040948	V29H
1.296327862	V29I
2.269650084	V29K
1.276271446	V29L
1.195164862	V29M
1.447046297	V29N
0.112252864	V29P
1.343682425	V29Q
2.693344479	V29R
1.273582768	V29S
1.262085546	V29T
0.759609572	V29W
1.057339925	V29Y
0.215368207	F30A
0.577935649	F30C
0.00413742	F30D
0.004721694	F30E
0.047829032	F30G
0.833877959	F30H
0.200057718	F30I
0.068546836	F30K
0.786225525	F30L
0.6551106	F30M
0.150176862	F30N
0.005871186	F30P
0.079194102	F30Q
0.004985214	F30R
0.351881641	F30S
0.091582954	F30T
0.40505951	F30V
0.445368413	F30W
0.418497407	F30Y
0.003197784	K31A
0.006525033	K31C
0.00278013	K31D
0.002809527	K31E
0.003046913	K31F
0.002888304	K31G
0.00212667	K31H
0.003734011	K31I
0.006052528	K31L
0.010828212	K31M
0.003546206	K31N
0.003629097	K31P
0.003555362	K31Q
0.233724994	K31R
0.002740368	K31S
0.002336022	K31T
0.002830247	K31V
0.004689964	K31W
0.002176613	K31Y
0.787910741	Q32A
0.805060133	Q32C
0.058518376	Q32D
0.075500212	Q32E
0.232599538	Q32F
1.49703159	Q32G
1.148689472	Q32H
0.393157063	Q32I
1.282661188	Q32K
0.961017213	Q32L
0.817570788	Q32M
1.632849738	Q32N
0.018698832	Q32P
1.371755988	Q32R
0.90327768	Q32S
0.664303129	Q32T
0.41774313	Q32V
0.243305938	Q32W
0.207729046	Q32Y
0.191459745	Y33A
0.306993556	Y33C
0.020120089	Y33D
0.044859498	Y33E
1.57795447	Y33F
0.311216585	Y33G
0.371669816	Y33H
0.225654813	Y33I
0.32696727	Y33K
0.663252087	Y33L
0.479108159	Y33M
0.187432879	Y33N
0.00823462	Y33P
0.24945701	Y33Q
0.302735872	Y33R
0.182436625	Y33S
0.164829946	Y33T
0.17222789	Y33V
0.659123795	Y33W
1.03756341	A34C
0.004202744	A34D
0.004039915	A34E
0.012565872	A34F
0.253442835	A34G
0.005072723	A34H
0.052338643	A34I
0.003549163	A34K
0.041603087	A34L
0.768743985	A34M
0.006311166	A34N
0.003911618	A34P
0.005126391	A34Q
0.011585749	A34R
0.790788629	A34S
0.209920139	A34T
0.179217679	A34V
0.008887185	A34W
0.0184592	A34Y
0.01267343	N35A
0.05081279	N35C
0.00681126	N35D
0.006849779	N35E
0.018448077	N35F
0.051814571	N35G
0.01566172	N35H
0.031844151	N35I
0.007073232	N35K
0.010110384	N35L
0.012275944	N35M
0.003030227	N35P
0.008118592	N35Q
0.013683895	N35R
0.049132517	N35S
0.096509752	N35T
0.010317394	N35V
0.029894246	N35W
0.015165555	N35Y
1.659826693	D36A
1.506256469	D36C
1.141060117	D36E
0.899290323	D36F
1.847374832	D36G
1.10922834	D36H
1.34400521	D36I
1.30726722	D36K
1.452701224	D36L
1.426752577	D36M
1.862934325	D36N
0.014109144	D36P
1.348147068	D36Q
1.702378261	D36R
1.674120728	D36S
1.458873333	D36T
1.661958566	D36V
0.87728003	D36W
1.031930953	D36Y
0.224428286	N37A
0.580176053	N37C
0.06361004	N37D
0.149836424	N37E
0.05727705	N37F
0.379346053	N37G
0.344631968	N37H
0.371335428	N37I
0.20869423	N37K
0.306295461	N37L
0.210296052	N37M
0.005592862	N37P
0.280265062	N37Q
0.192037144	N37R
0.595531303	N37S
0.457821915	N37T
0.274901437	N37V
0.157475615	N37W
0.098901223	N37Y
0.996654002	G38A
0.543640823	G38C
0.563896984	G38D
0.451575041	G38E
0.566474761	G38F
0.459494277	G38H
0.207036358	G38I
0.424384162	G38K
0.619963121	G38L
0.46099991	G38M
0.498372453	G38N
0.006877439	G38P
0.454577819	G38Q
0.422913129	G38R
0.59410217	G38S
0.471242671	G38T
0.411625282	G38V
0.618593329	G38W
0.634732102	G38Y
0.053431194	V39A
0.209063139	V39C
0.005585744	V39D
0.028238327	V39E
0.325457183	V39F
0.007161516	V39G
0.022853462	V39H
1.247889915	V39I
0.017399675	V39K
1.458697443	V39L
1.010244315	V39M
0.010035468	V39N
0.007721235	V39P
0.088611539	V39Q
0.014846087	V39R
0.029613102	V39S
0.212786707	V39T
0.008973098	V39W
0.062159106	V39Y
2.07239574	D40A
1.586449392	D40C
0.74302712	D40E
2.636231445	D40F
0.745698422	D40G
2.65920341	D40H
1.546340086	D40I
0.982052659	D40K
0.783050766	D40L
0.943771188	D40M
1.556014429	D40N
0.347089774	D40P
0.961347083	D40Q
1.420126048	D40R
1.867291538	D40S
1.005856115	D40T
1.680936814	D40V
3.367159834	D40W
3.358529612	D40Y
0.104063354	G41A
0.05239809	G41C
0.005138422	G41D
0.005553359	G41E
0.057843489	G41F
0.00375169	G41H
0.002955135	G41I
0.003517267	G41K
0.008432061	G41L
0.011314872	G41M
0.004959271	G41N
0.00423302	G41P
0.003607014	G41Q
0.003756375	G41R
0.011982861	G41S
0.003544592	G41T
0.013799001	G41V
0.006491212	G41W
0.011836291	G41Y
1.535107711	E42A
1.530615774	E42C
1.18484532	E42D
1.596445184	E42F
1.567014448	E42G
1.312242816	E42H
1.896118485	E42I
1.641994164	E42K
2.137701637	E42L
1.733995147	E42M
1.544826005	E42N
0.687130883	E42P
2.150899575	E42Q
1.904818114	E42R
1.661272986	E42S
1.832548719	E42T
1.826313595	E42V
2.086276487	E42W
1.566858616	E42Y
0.003771444	W43A
0.004654417	W43C
0.00335714	W43D
0.003243129	W43E
0.013119076	W43F
0.004680121	W43G
0.004208267	W43H
0.003195523	W43I
0.002632818	W43K
0.003635068	W43L
0.003036536	W43M
0.002822647	W43N
0.003071508	W43P
0.003292982	W43Q
0.004903466	W43R
0.003284341	W43S
0.003562557	W43T
0.003314476	W43V
0.008062421	W43Y
1.461524764	T44A
0.961585633	T44C
0.687646897	T44D
0.98643085	T44E
1.023144451	T44F
1.399550263	T44G
1.134096814	T44H
0.576406677	T44I
1.233375107	T44K
1.007711475	T44L
1.17245435	T44M
0.826692571	T44N
0.009389537	T44P
1.438376879	T44Q
1.217312727	T44R
1.1673888	T44S
0.48915568	T44V
1.274126474	T44W
0.86867152	T44Y
0.054292897	Y45A
0.206385979	Y45C
0.009492138	Y45D
0.01260774	Y45E
0.911525044	Y45F
0.03634042	Y45G
0.239588969	Y45H
0.235418741	Y45I
0.047835731	Y45K
0.440129578	Y45L
0.277226561	Y45M
0.044679157	Y45N
0.007342265	Y45P
0.02544664	Y45Q
0.047893334	Y45R
0.041298863	Y45S
0.040212431	Y45T
0.136200135	Y45V
1.808755051	Y45W
1.230165575	D46A
1.293963721	D46C
1.001564414	D46E
1.058632703	D46F
1.162265815	D46G
1.255016623	D46H
1.204422422	D46I
1.335651085	D46K
1.239126565	D46L
1.211604687	D46M
1.373845425	D46N
0.03334365	D46P
1.243149435	D46Q
1.365043425	D46R
1.392968818	D46S
1.563939751	D46T
1.281312144	D46V
1.142415726	D46W
0.983743139	D46Y
1.715671172	D47A
1.40996287	D47C
1.120310356	D47E
1.76005186	D47F
1.579327463	D47G
2.179925374	D47H
1.436577556	D47I
2.140053124	D47K
1.520617071	D47L
1.403866536	D47M
1.661294597	D47N
1.907391023	D47P
1.704781352	D47Q
2.795367352	D47R
1.790037731	D47S
1.515387735	D47T
1.523022232	D47V
2.139033146	D47W
1.739534372	D47Y
1.2042958	A48C
1.097499923	A48D
1.154408953	A48E
1.37899946	A48F
1.237956509	A48G
1.361866488	A48H
1.371010405	A48I
1.338021778	A48K
1.323384977	A48L
1.302914708	A48M
1.254296246	A48N
1.2687933	A48P
1.313235567	A48Q
1.340241318	A48R
1.271738967	A48S
1.296390426	A48T
1.341485859	A48V
1.309560519	A48W
1.310909306	A48Y
1.176247048	T49A
1.235594155	T49C
1.076086648	T49D
1.172388749	T49E
1.207374215	T49F
1.166698106	T49G
1.273473784	T49H
1.43214011	T49I
1.338801548	T49K
1.261615348	T49L
1.191652038	T49M
1.16053336	T49N
0.987174199	T49P
1.220332684	T49Q
1.309458832	T49R
1.299099905	T49S
1.148097433	T49V
1.299144149	T49W
1.279619323	T49Y
1.160955628	K50A
0.966932472	K50C
0.951412197	K50D
1.005783042	K50E
0.754900339	K50F
1.561351475	K50G
1.181671633	K50H
0.839293154	K50I
0.88952482	K50L
0.797184978	K50M
0.955738934	K50N
0.38193473	K50P
1.07964874	K50Q
1.333140928	K50R
1.100795677	K50S
1.006234601	K50T
1.065133478	K50V
0.948672362	K50W
0.832461634	K50Y
0.835741658	T51A
1.173745071	T51C
1.232327531	T51D
1.533342416	T51E
1.583574606	T51F
1.06757503	T51G
1.677484365	T51H
1.76157137	T51I
1.6860152	T51K
2.080676025	T51L
1.832689603	T51M
1.396391106	T51N
0.020020227	T51P
1.675892463	T51Q
1.685510197	T51R
0.877223119	T51S
1.797913136	T51V
1.720615652	T51W
1.628366931	T51Y
0.017576277	F52A
0.022300216	F52C
0.003669002	F52D
0.003991621	F52E
0.004922265	F52G
0.02222839	F52H
0.059838028	F52I
0.003894999	F52K
0.211227145	F52L
0.183839261	F52M
0.004151681	F52N
0.004061339	F52P
0.004474472	F52Q
0.004033712	F52R
0.006161056	F52S
0.007208181	F52T
0.03243597	F52V
0.007175493	F52W
0.105269981	F52Y
1.003949138	T53A
0.922886268	T53C
0.631668015	T53D
0.96282211	T53E
0.540733963	T53F
1.77861872	T53G
0.678002545	T53H
0.759384665	T53I
0.952567897	T53K
0.556080765	T53L
0.800816979	T53M
0.76392355	T53N
0.008638978	T53P
1.021871125	T53Q
0.904485403	T53R
1.172326049	T53S
1.065598747	T53V
1.006840155	T53W
0.58643781	T53Y
1.184925375	V54A
1.22029888	V54C
0.027222349	V54D
0.030471856	V54E
0.708382119	V54F
0.229416651	V54G
0.139676146	V54H
0.325460896	V54I
0.006606947	V54K
0.328367537	V54L
0.505444863	V54M
0.194265941	V54N
0.006521382	V54P
0.107278648	V54Q
0.005322925	V54R
0.427866064	V54S
0.530939504	V54T
0.604131796	V54W
0.024619617	V54Y
0.68294442	T55A
0.700434707	T55C
0.509897988	T55D
0.618004723	T55E
0.604862237	T55F
0.45241107	T55G
0.59681979	T55H
0.550910306	T55I
0.848859284	T55K
0.586555318	T55L
0.621524941	T55M
0.61490163	T55N
0.032819137	T55P
0.681577692	T55Q
0.941044541	T55R
0.839684669	T55S
0.669375641	T55V
0.798179966	T55W
0.662675419	T55Y
0.306289002	E56A
0.207085795	E56C
0.170874304	E56D
0.207264907	E56F
0.231199762	E56G
0.244000332	E56H
0.136495901	E56I
0.257557649	E56K
0.137191468	E56L
0.171651102	E56M
0.211940783	E56N
0.14161549	E56P
0.407220852	E56Q
0.266609671	E56R
0.356418683	E56S
0.410370104	E56T
0.248013879	E56V
0.300822961	E56W
0.189820816	E56Y
