score	mutant	cluster
0.080986489	I6M;K50P	1
0.306130935	A20P	1
0.103403611	A20C;Y33A	1
0.987174199	T49P	1
1.129403414	A24C;F30M	1
0.740672911	I6T;T17L	1
1.76157137	T51I	1
0.004449807	K28G;L12V	1
0.013858024	L5K	1
0.26754465	I6N;T16M	1
0.772175772	K4Y	1
1.612866512	T17Q;T51L	1
0.070861474	T18A;Y3T	1
0.90327768	Q32S	1
0.975045843	V21Q	1
0.761530698	T16L	1
0.00375169	G41H	1
0.938057448	N8S	1
0.009255599	A23I;G41F	1
0.804179461	D40V;L5S	1
0.306295461	N37L	1
0.004390701	T55V;W43G	1
0.001236058	E56T;W43N	1
0.086771238	A23E;V54T	1
0.996262361	A26G;T49E	1
0.372171453	L7F	1
0.0	E27M;Y33K	1
0.006161056	F52S	1
0.003292982	W43Q	1
0.603748991	Y3M	1
0.05081279	N35C	1
1.675892463	T51Q	1
0.058518376	Q32D	1
1.309458832	T49R	1
0.019355537	T16L;V39A	1
1.648787091	T25Q	1
0.0	K31S;T55Y	1
0.174633938	E56F;K13I	1
0.0	D47A;K31C	1
1.07387019	E15K	1
0.745044598	N8M	1
0.14548471	A48S;G9K	1
0.505162126	E15G	1
0.664303129	Q32T	1
0.118960568	E56H;N37H	1
0.235418741	Y45I	1
0.427459029	K28R	1
1.296390426	A48T	1
0.010230004	L5R	1
0.375226975	D22P;K28I	1
1.140374626	A20C;N8H	1
0.896248556	E15A	1
1.356423948	E19M;Q32G	1
0.835052524	K13E	1
1.148097433	T49V	1
0.0	D36W;G41Q	1
0.009038671	T11H;W43G	1
0.004045279	A34K;T18S	1
0.011902776	K50S;V54E	1
0.988535235	V21A	1
0.077452709	K13P;L7F	1
0.192037144	N37R	1
0.173542476	E56W;I6S	1
0.194274785	L12H;T49C	1
0.006059769	A20R;V39G	1
1.109533861	Q2W;T25N	1
0.58643781	T53Y	1
2.822256424	A24P;V54T	1
1.256817461	L7V	1
0.003696325	D47P;E27T	1
0.018077341	K13W;V39H	1
1.419638932	D22F	1
0.0	E19M;W43Q	1
0.594769987	T11W;T25Q	1
0.011982861	G41S	1
1.339022929	E19C	1
0.003329352	K31V;V29A	1
0.002632818	W43K	1
1.152074851	V21I	1
0.176364305	G9A;Y33T	1
0.201839855	L5Q	1
1.120310356	D47E	1
0.096412487	E56N;T16N	1
0.117367235	G14N;L12R	1
0.385649946	T11K;T16M	1
0.008034374	G41V;T53Q	1
0.125213022	F52L;V21M	1
0.002162012	E27F	1
0.56391724	T16S	1
0.508356747	E19N;Q32I	1
0.107431056	G38Y;G9M	1
1.446187298	D22N;E15C	1
1.174495538	K13C	1
0.350833351	T17P	1
0.493967279	Q32L;T55Y	1
0.005119247	V39C;Y45T	1
1.10922834	D36H	1
3.199248486	D40A;N8Y	1
0.357293332	K13D;K50E	1
0.032137496	T25W;V39R	1
0.754900339	K50F	1
0.229416651	V54G	1
3.468044324	A24P	1
0.33575817	K10N;T11N	1
0.086034288	G14P	1
1.361866488	A48H	1
0.005126391	A34Q	1
0.83510057	E15M	1
0.012565872	A34F	1
0.079194102	F30Q	1
0.687130883	E42P	1
1.310422776	I6Y;K13N	1
0.410370104	E56T	1
1.43329136	T25S;T49H	1
0.011836291	G41Y	1
1.561744018	D22E	1
0.0	V54E;Y33G	1
0.540733963	T53F	1
0.788199323	A20N	1
0.043287239	A20W;L12M	1
0.006050993	D46I;F52P	1
0.211940783	E56N	1
0.016068748	I6V;N35M	1
0.050092823	K28A	1
1.243868533	D22R	1
0.413196371	I6D;T51Y	1
0.010092916	A26L	1
1.313235567	A48Q	1
0.048206243	T44K;V39H	1
1.11972177	V21G	1
2.402315867	D36V;E42I	1
0.01902878	A34L;T11W	1
0.005553359	G41E	1
1.262085546	V29T	1
1.023144451	T44F	1
0.013413911	F52R;N8C	1
0.00602578	K10D;W43I	1
1.756849754	E19L;V29Q	1
0.15208063	A34G;E15M	1
0.98564747	K50V;T51E	1
0.005096695	T53M;V39P	1
0.276619718	T18D	1
0.003143885	E27D;V29T	1
2.140053124	D47K	1
0.60379537	E15I;T55M	1
0.759609572	V29W	1
1.452701224	D36L	1
1.537010655	A48E;D40C	1
0.207445272	G14H	1
1.305576875	N8H	1
0.1429938	K4H;L7K	1
1.628366931	T51Y	1
0.768743985	A34M	1
0.002805407	G41S;K28H	1
0.261661619	T18E	1
0.132815352	G9D	1
0.002809527	K31E	1
0.379085692	E56T;Q2N	1
1.371755988	Q32R	1
1.536918633	K13M;T17G	1
0.379346053	N37G	1
0.136200135	Y45V	1
0.639299032	L7S	1
0.007712999	K50I;Y3R	1
2.168797272	A48G;T25W	1
0.865504459	K13C;N8Q	1
0.263923995	E15P;T17K	1
0.0	E56I;Y45H	1
0.553788497	K13D	1
0.0	E42A;K31C	1
0.367473822	G14S;T16K	1
0.595531303	N37S	1
1.645724533	E42A;V29T	1
0.01830979	A23T;L7P	1
0.082164642	A23Q	1
0.035659413	G14H;L7K	1
0.003243129	W43E	1
1.078708219	T25Y;V21T	1
1.2042958	A48C	1
0.004565191	A20P;A23F	1
0.613322806	D22R;T53H	1
0.004208267	W43H	1
0.005509285	A26P;Y33A	1
1.576706013	A48T;D40R	1
1.007711475	T44L	1
1.458697443	V39L	1
0.0	E19R;W43E	1
0.0	A23W;F30I	1
0.003882382	E27P;T55Q	1
2.23990187	D47L;T25F	1
0.24945701	Y33Q	1
0.39146903	T16F	1
0.073345773	G9D;K13V	1
0.245575698	G14E	1
0.03244861	K4P	1
0.149047521	A26I	1
0.366837754	N37G;Q2N	1
1.715671172	D47A	1
0.46099991	G38M	1
0.0	K28E;V21A	1
0.943408133	E15A;L7C	1
1.343682425	V29Q	1
0.329469045	T11D	1
0.008973098	V39W	1
0.343586888	A23T	1
0.0795654	G14M	1
0.074263672	E42K;Y45T	1
0.0	T11E;W43H	1
0.003527286	I6P;T53F	1
1.054259853	Y3F	1
1.380075878	E19W;V21Q	1
0.186974923	L5H	1
1.105133924	T17F	1
0.402391236	T11W	1
0.618593329	G38W	1
0.6081403	E42N;T53H	1
0.896415333	E19F;L5N	1
0.888087778	A20Q	1
0.005846707	A23W	1
2.373481839	D47I;E42Q	1
0.832461634	K50Y	1
0.181672992	L12H	1
0.961017213	Q32L	1
2.026616524	D22C;K10R	1
0.006805587	A23E;N35Y	1
1.053782337	K50D;Q32R	1
2.432895006	A24T	1
0.267324656	L7G	1
0.459722954	E15D;T17N	1
1.251619664	D22S	1
1.176140949	K10H;T25K	1
0.17809321	K13P	1
0.895492248	D46Q;T55K	1
2.197688197	D36R;K10R	1
2.243425575	E42R;Q2T	1
0.401258765	A20E	1
0.207085795	E56C	1
1.271738967	A48S	1
0.006821638	A26W;G38Y	1
0.006525033	K31C	1
0.005138422	G41D	1
0.002482725	T17R;V39W	1
0.200057718	F30I	1
1.220332684	T49Q	1
0.009749577	G9M;Y45I	1
1.110312068	N8C	1
0.007342265	Y45P	1
1.763643046	A20K;D47T	1
1.17245435	T44M	1
0.090083117	N35T;Y3H	1
0.530939504	V54T	1
1.183474588	T18C	1
0.322702951	E19Q;G14A	1
0.003089269	E27G	1
1.330492314	K13F;T51M	1
0.015436831	T49E;W43F	1
0.787910741	Q32A	1
0.006311166	A34N	1
0.256046276	F30Y;Q2G	1
0.0	F30V;Y33D	1
0.687812069	I6D	1
0.013643276	A34I;L7T	1
0.180962096	Y3Q	1
1.525070241	D22W;V29L	1
0.257557649	E56K	1
0.088699488	G9Q;L12I	1
0.537362712	A20M	1
0.398911798	K10P	1
0.196053494	L12R	1
0.537381072	E42P;N8A	1
2.696439542	A24Q;V39I	1
1.765090138	D36T;E19G	1
0.13601163	K28C	1
0.0	K31Q;Q32N	1
0.3407455	K50P;V21W	1
0.049583564	A48C;N35C	1
0.004039915	A34E	1
2.085853185	A24S	1
0.003143885	T55Y;Y45P	1
0.885171144	K13M	1
0.001921844	A26H;F52M	1
0.003215983	E27T;E42T	1
0.006849779	N35E	1
0.185683307	L12Q;T49K	1
0.237130558	G9T;T55G	1
0.003904574	L5D	1
1.093840931	T17Q	1
0.068992422	D36C;F30N	1
0.724469392	L5V	1
1.146654062	K10N	1
0.0	I6V;Y33D	1
0.007230936	E56G;K31A	1
0.009104327	A26G;Y33P	1
0.046029187	E42H;K28W	1
0.020120089	Y33D	1
0.039894217	T18P	1
0.965114002	K4I	1
0.056899172	K28Y;T51W	1
0.005044839	G41I;Y33G	1
2.148531794	A24M	1
1.632849738	Q32N	1
0.734369274	I6A	1
0.192824973	N37K;Y3W	1
0.026294315	T49H;V39E	1
0.004654417	W43C	1
0.06941699	A23M;D47H	1
2.323382872	A24Q;T25Y	1
0.010517726	K31C;T49V	1
1.677484365	T51H	1
0.11118034	Y3N	1
0.006649137	I6C;Y45P	1
1.282835572	A48T;K10L	1
0.003638207	A26Q;A34E	1
1.77861872	T53G	1
1.417161963	A26S;D36A	1
1.318098712	V29C	1
0.823214308	A48I;Y3M	1
0.911993032	D36Y;I6W	1
1.661996052	D22T;E15S	1
0.805732923	K50C;T18H	1
0.752323302	K4H	1
1.08617897	D40M;Q2R	1
1.106891499	K10V	1
1.112712928	T17Y	1
0.027222349	V54D	1
0.003046913	K31F	1
0.0	E15W;N35K	1
0.659123795	Y33W	1
1.066218087	K50R;T53R	1
0.013799001	G41V	1
1.404959635	T25C	1
0.018698832	Q32P	1
0.003962157	E56T;K28W	1
2.693344479	V29R	1
0.891299784	A20C	1
0.159177662	L12H;N8D	1
1.07702448	V21H	1
0.411714554	T11R	1
0.0	E27I;E56L	1
0.060030416	Q32D;Y45F	1
0.035416832	K28N;L7V	1
1.155978113	T17S	1
0.552180605	N37G;T17F	1
0.041298863	Y45S	1
0.005871186	F30P	1
0.0	F30E;Y45K	1
0.399535015	A20L	1
1.473733723	D36C;T17W	1
0.048206243	G41C;K10F	1
0.556080765	T53L	1
0.387013814	T11F	1
0.002462313	E27K	1
0.002451165	G9I;Y3N	1
0.251559735	G38L;T55L	1
0.96313997	N8L	1
0.479108159	Y33M	1
1.079078215	K10C;N8Q	1
0.288625964	N8D;T11L	1
0.161614738	A23I;K13T	1
0.006780658	K31C;L5S	1
0.002840466	E27N	1
1.545176678	E19L	1
0.003635068	W43L	1
0.376631081	L12F	1
0.012275944	N35M	1
0.440854544	A26T	1
0.327925273	G9Y;T49I	1
0.964772092	T18Y	1
0.002162523	K4P;Y33K	1
0.441244914	T16A	1
0.101043654	K4Q;Y3L	1
0.004428516	F52N;G41Y	1
0.390518322	L5N	1
0.851707144	A20Q;T44R	1
0.578474919	N8I;T53H	1
1.580282835	D47H;T16V	1
0.002804816	E27H	1
0.234636511	L12T;N8K	1
0.26255678	E15R;K28L	1
0.009182142	F30P;T44Y	1
0.957475728	T17N;T49E	1
1.340241318	A48R	1
2.462059253	A24G	1
0.755563011	T17A;T18G	1
0.013773212	N35K;T18F	1
1.567014448	E42G	1
1.189040948	V29H	1
1.239589112	I6N;Y33F	1
0.005072723	A34H	1
0.260574288	N37L;V21G	1
2.699549623	E19G;T49Q	1
0.971837864	K13C;K50H	1
0.950329262	T25V	1
0.783050766	D40L	1
0.00413742	F30D	1
0.007208181	F52T	1
0.179482174	A48Y;Y33T	1
0.005689917	A34S;W43D	1
1.530886458	E15S	1
0.004721694	F30E	1
0.105269981	F52Y	1
0.201412575	G14Q	1
0.009492138	Y45D	1
0.619963121	G38L	1
3.524574041	A24E	1
0.758566168	D36I;T55Q	1
0.07541011	E42L;Y45N	1
1.358065811	V21F	1
0.839684669	T55S	1
0.009067005	A34P;K4T	1
0.207729046	Q32Y	1
1.867291538	D40S	1
0.937680297	Q32S;T25P	1
1.832689603	T51M	1
0.431413681	L5S	1
0.347773612	T11A;T16N	1
1.371531728	E15Q	1
1.020730567	K4R	1
0.196535079	L12K	1
0.001790944	E27H;Y33M	1
1.847374832	D36G	1
1.174376195	E19M	1
0.062942867	A34Y;K13N	1
1.57795447	Y33F	1
0.019569517	A26T;Q32E	1
0.679916114	D22R;N8T	1
0.153125714	K50Y;Y3V	1
0.723660781	V21Q;Y3L	1
0.024619617	V54Y	1
0.77583695	D36W;K50C	1
1.303943896	A24L	1
0.002262924	E27G;L5H	1
0.854259474	D36S;T16S	1
0.306993556	Y33C	1
1.180401524	A24E;Y33V	1
0.567350401	A34M;T49E	1
0.163159593	N37V;Y33R	1
1.065598747	T53V	1
1.419383913	D22Y	1
0.0	T11V;Y45S	1
5.021864412	A24Y	1
0.133132738	L12D	1
0.675408554	A23N;T17R	1
0.052338643	A34I	1
1.764949942	D47L;V21F	1
1.148689472	Q32H	1
1.006840155	T53W	1
0.005164955	E27D;T11W	1
0.028238327	V39E	1
0.004338562	N8S;W43P	1
0.195861968	G9L	1
0.536858018	A20L;V29T	1
0.910664947	Q2D	1
1.22602147	A48F;K10D	1
0.004571534	A26P;A34Y	1
0.0	E42Q;G41K	1
1.577319529	E19V	1
1.308493972	K4T;Q2A	1
0.054386531	K28C;T55A	1
0.002485793	E27L	1
1.662948678	E15Y	1
0.998182978	V21S	1
0.104063354	G41A	1
0.59681979	T55H	1
0.377876339	T25D	1
0.465953004	T16G	1
0.370177697	T11Q	1
1.6860152	T51K	1
0.239017701	G14V	1
0.835741658	T51A	1
1.23208945	T25K	1
0.225654813	Y33I	1
0.054292897	Y45A	1
1.471146876	A48N;T25C	1
0.0	F30M;V54Q	1
0.003528577	E27P	1
0.457821915	N37T	1
0.253548399	A23V	1
0.836503196	T16I	1
0.614673963	D40I;N35T	1
0.012999436	A20W;L12Y	1
0.066981306	E15W;N35C	1
1.236264224	E15F	1
0.85476585	A23S	1
0.437128106	A34S;T18Q	1
0.691631805	E15A;K10E	1
0.007721235	V39P	1
1.02021467	T18H	1
1.100795677	K50S	1
1.441547689	D22C	1
3.082848045	A24Q;V29C	1
0.156874554	A24K	1
0.925559871	D47M;T55W	1
0.215368207	F30A	1
0.00423302	G41P	1
1.312242816	E42H	1
0.0	A20F;Y45N	1
0.03570128	A23M	1
0.004741598	A23E;N35F	1
0.498372453	G38N	1
0.235425839	A20I;T44F	1
0.40505951	F30V	1
1.06757503	T51G	1
0.001921844	E15P;K31I	1
0.167880806	D47L;L5G	1
0.113103589	T16R;Y33E	1
0.307760055	G38W;L7M	1
0.403236589	T11N	1
1.410989088	E19P;K50S	1
0.257918754	G9F;K10I	1
1.033034708	K10Y	1
0.723100413	T17I	1
0.003546206	K31N	1
0.036154682	A20Y;L12E	1
1.98334258	D47A;T17H	1
1.757532079	A48Q;T51I	1
1.365043425	D46R	1
0.542619268	T16H	1
0.0	D22M;F30K	1
0.137191468	E56L	1
0.10270573	L12E;V29Y	1
0.76418005	V21M	1
0.005074341	L5G;W43G	1
0.062159106	V39Y	1
0.347089774	D40P	1
2.086276487	E42W	1
0.968168488	V29G	1
1.523280297	E19P	1
1.211604687	D46M	1
1.251543221	D22R;V29T	1
0.003218219	K31A;N8Q	1
0.0	K4P;Q32E	1
1.325407967	Q2T	1
0.325457183	V39F	1
1.43214011	T49I	1
0.550663625	V39L;Y3C	1
0.007712999	K4D;W43T	1
1.191652038	T49M	1
0.121932927	A26M	1
0.716121362	E15Y;F30S	1
0.278583344	L12M	1
0.0	A34W;W43Y	1
0.411944261	F30M;K50Y	1
0.0	L12W;V54K	1
0.004035872	F52D;Q32A	1
0.505444863	V54M	1
2.65920341	D40H	1
0.362558931	A20P;Q32N	1
0.0	D47P;E27S	1
1.095596438	T44C;T51I	1
0.002830247	K31V	1
0.565603452	K4G	1
0.820639338	T16K	1
0.007611512	D36I;W43D	1
0.054324349	L7H	1
0.003060714	E27H;T17N	1
0.518632686	A24K;E42W	1
1.307654727	N8R;T25N	1
0.180971785	L7Q	1
0.558754183	N37T;Q32H	1
0.005217753	K28E	1
0.780723669	G38M;L7A	1
1.338021778	A48K	1
0.003544592	G41T	1
0.003911618	A34P	1
0.440331655	A20K;T18E	1
0.0093626	A48G;F52A	1
0.826692571	T44N	1
0.14161549	E56P	1
0.584018957	L5T	1
1.990047592	K13S;K50R	1
0.0	K31G;T44H	1
0.249233473	D46S;V39T	1
0.253082777	E19Y;K28V	1
0.003050792	E27I	1
1.583194515	D40C;K10Q	1
0.052568696	K28Q	1
0.054063077	A20P;K4Q	1
0.170348442	A26G;G38T	1
0.004059473	V54A;Y45S	1
0.122122483	A23H;D22G	1
1.191984235	K13T;V21D	1
0.013452905	A34D;K50T	1
0.859085055	T18I	1
0.004474472	F52Q	1
0.085099876	A23I	1
0.522493475	A34G;D47F	1
0.005866886	V29F;W43Y	1
0.646620259	T18G	1
1.865637144	K13W	1
0.131152208	V29R;Y45A	1
1.247889915	V39I	1
0.294496322	G14Q;Q2P	1
0.082639274	A48C;Q32D	1
0.493978583	T44E;T53D	1
0.30599962	G9T	1
0.004017187	N35L;Y45R	1
0.054232024	G38D;G9V	1
1.333140928	K50R	1
1.396391106	T51N	1
1.230165575	D46A	1
1.49703159	Q32G	1
0.00212667	K31H	1
0.210354516	A20T;Q32W	1
0.879293605	D36G;T25E	1
0.003931383	T16S;W43K	1
0.117045509	A48M;L7E	1
0.0	Y3D;Y33I	1
1.116493868	T17C	1
1.590806028	E19Y;T49P	1
1.131798755	A24D;D47F	1
0.663252087	Y33L	1
1.173745071	T51C	1
0.903867061	E15M;T51N	1
0.114026306	G14E;T55A	1
0.040948873	N35S;V29G	1
0.356418683	E56S	1
0.73840622	N8V;V21A	1
1.233375107	T44K	1
1.16053336	T49N	1
0.006427499	G38F;N35G	1
0.539539107	K50F;Q32C	1
1.641994164	E42K	1
0.004202744	A34D	1
0.097313538	T11D;T53L	1
2.864512272	D40Y;T55K	1
1.936633425	N8H;T51H	1
0.618004723	T55E	1
0.00290494	E27Y	1
0.004519335	A34L;I6P	1
0.452100898	T16N	1
1.14031012	D46S;E15A	1
1.061690375	A20V	1
14.46187298	A24H;V21A	1
0.139972591	G14L	1
0.003197784	K31A	1
0.231250239	F52L;T44Q	1
0.666007308	K4C;T25G	1
0.131851716	L12Y	1
0.861978596	G38W;T25S	1
0.004820624	A26E;F30D	1
0.779764839	L5C	1
0.018448077	N35F	1
0.122558246	F30T;Q2K	1
0.0	K31Q;Y45D	1
0.006052802	I6L;K31C	1
0.746521566	V21D	1
0.073404338	K28P	1
0.008109461	A34G;G14D	1
0.0	A26E;V54M	1
0.368590878	N8A;T11R	1
0.002370799	E56D;G41W	1
0.00267194	A26F;E27W	1
0.877183631	A24P;F30A	1
3.127800435	A24N;K13W	1
1.594136187	N8F	1
0.003795056	N35E;T18P	1
0.005363344	G14N;Y45V	1
1.276271446	V29L	1
1.340741892	V29A	1
1.145376833	I6G	1
1.005783042	K50E	1
0.61490163	T55N	1
1.656777233	D22A	1
0.207264907	E56F	1
0.001037623	G41D;N35M	1
1.419137594	I6L	1
0.0	V39Q;Y45S	1
1.585030653	E19I	1
1.226163764	Q2H	1
0.057843489	G41F	1
0.434655188	A24Q;Y45V	1
0.951412197	K50D	1
1.739534372	D47Y	1
2.362632987	T25R	1
0.002947321	E27T	1
0.956074128	T17V;V21F	1
0.4370949	T17D	1
1.720615652	T51W	1
0.002921591	A20N;K31F	1
1.590460875	E42T;V29F	1
0.023451686	D22N;D46P	1
0.005585744	V39D	1
0.028356614	G9E;K28C	1
0.507821494	T44I;T53I	1
0.005488377	E27M;T55R	1
2.185349694	D47A;T49G	1
4.795252619	A24W;E42T	1
0.007611512	K31W;Q2W	1
1.417263552	E19Y;K10A	1
1.409851828	E19G	1
0.930890973	T25G	1
1.661272986	E42S	1
0.005946145	E27P;T51E	1
1.547420409	E42W;I6Q	1
0.329874127	A24R;Y3M	1
0.379433374	T11H	1
0.019609319	K4D;Y45H	1
0.209063139	V39C	1
0.832946945	I6N	1
3.744018227	D40A;T25W	1
0.463017177	E42T;G14T	1
0.005915867	A26D	1
0.0	A34H;N35C	1
0.965917097	K4V	1
0.668045229	T25K;V29F	1
0.010317394	N35V	1
0.280265062	N37Q	1
0.934332416	K13Q	1
0.122160035	L7Y	1
1.021871125	T53Q	1
2.094608531	A24L;D47P	1
0.194265941	V54N	1
0.307619914	T11E	1
0.00335714	W43D	1
0.191459745	Y33A	1
1.940007351	D40W;F30V	1
1.392528078	Q2Y	1
3.720011308	A24H	1
1.392700512	D47N;K13A	1
1.229016721	T17A	1
0.115886532	A20E;A23G	1
2.44301367	A24N	1
1.431206872	Q2I;T25I	1
1.129833826	Q2W;V21P	1
0.05727705	N37F	1
0.068586652	Y3P	1
2.080676025	T51L	1
2.07239574	D40A	1
0.139676146	V54H	1
0.751024072	K13G	1
1.1673888	T44S	1
1.562367193	E19F	1
0.010828212	K31M	1
0.021692809	V39M;Y45T	1
0.411625282	G38V	1
0.013939155	D46Q;F30Q	1
2.761751227	E19H;V21Y	1
1.527565608	E19Y	1
0.00681126	N35D	1
0.410687683	G9S	1
0.005535645	E27C;K4V	1
0.312425371	A20Y	1
1.086670758	I6K	1
0.692467054	K4N	1
0.063012916	A26Q	1
0.877040273	K10E	1
2.150899575	E42Q	1
0.035416832	N37V;T25D	1
0.359053398	N37C;V21L	1
0.073520024	D40P;G38R	1
0.0	D36E;W43E	1
5.143167917	A24Y;K50L	1
0.099729206	K28H	1
1.192422357	D40C;V54A	1
0.385197482	T11K	1
1.089324018	A20N;E42Y	1
0.0	A34N;F30N	1
0.017576277	F52A	1
0.296027071	E56G;V21Y	1
0.142081559	G38Y;G9K	1
1.273582768	V29S	1
0.921196693	A20G	1
0.583864437	K50M;T55R	1
0.182568326	N8C;T11C	1
0.021829242	T16N;Y45N	1
0.086250759	I6C;K13P	1
0.031163632	F30T;K13Y	1
0.00823462	Y33P	1
0.155385964	K10T;L12E	1
0.241192895	G14T	1
0.003995967	E27L;T44E	1
0.017201888	L5A;N35I	1
0.011145952	K28L;Y33S	1
1.138550343	T18K	1
4.288176984	A24W	1
0.177171285	A23V;I6M	1
0.019720736	G14I;Y3Q	1
0.919844333	T18F	1
2.800017555	A24Q	1
1.674120728	D36S	1
1.025108238	V21L	1
0.002336022	K31T	1
0.800816979	T53M	1
0.237597307	T11M	1
1.008187871	Q2H;V29G	1
0.011585749	A34R	1
0.206385979	Y45C	1
0.401226337	A23T;V29M	1
0.003669002	F52D	1
0.9049761	A20C;V21I	1
0.81799969	K4M;V54A	1
0.955738934	K50N	1
0.655381989	D22S;T16C	1
0.775810837	T17N	1
0.03243597	F52V	1
0.006518116	A26H	1
1.156949838	E19Y;K13E	1
0.894477636	A34C;E42H	1
0.952115064	V21T	1
1.461524764	T44A	1
0.681293551	G38C;T44G	1
0.206598185	L7N	1
1.097323868	N8Q	1
0.001836428	K31I;T16Q	1
1.001564414	D46E	1
2.372202477	A20R	1
1.034580144	A23S;N8R	1
0.157475615	N37W	1
1.217312727	T44R	1
0.027116012	K28T;K10G	1
0.985705863	K13A	1
0.0	G41W;T18M	1
0.122561592	G9K	1
0.092555987	T49Q;Y3T	1
1.32460518	A48M;V29H	1
0.012178419	E56A;N35C	1
0.089898129	E56M;T16E	1
0.006674711	T16A;Y3E	1
0.002583438	A23W;L5P	1
1.194270801	A48H;T49Q	1
0.017399675	V39K	1
0.002327867	E15I;E27C	1
1.310909306	A48Y	1
1.579327463	D47G	1
1.444546878	Q2M	1
0.005727474	F52Q;Q2A	1
1.149596344	A48G;Q2G	1
0.73814301	T16V	1
0.009389537	T44P	1
1.736809773	D46T;E42H	1
1.342277452	T17H	1
0.003756375	G41R	1
0.0184592	A34Y	1
0.020020227	T51P	1
1.436577556	D47I	1
0.65999962	N8T	1
0.485821204	F30V;V29G	1
1.460938039	E19A	1
0.139171013	L12M;L5A	1
1.335651085	D46K	1
0.004033712	F52R	1
0.530153625	D46F;K13L	1
1.661294597	D47N	1
0.797184978	K50M	1
0.006877439	G38P	1
0.778178014	K13H	1
0.006503778	G38S;V39S	1
0.447274422	G38M;T17Y	1
1.101580339	K10H	1
1.233804507	T44M;T49V	1
1.184925375	V54A	1
1.255016623	D46H	1
0.031844151	N35I	1
0.285769439	V29E	1
0.595161696	D40S;E56D	1
0.653116844	K4W;V39M	1
0.32696727	Y33K	1
0.178965348	L12G	1
0.092969183	E19K;N35C	1
1.790037731	D47S	1
1.075326559	A23P	1
1.035901789	L7C	1
0.006521382	V54P	1
0.003878044	L12I;W43Y	1
0.983785618	K10F	1
1.072493556	A24D	1
0.0	G41I;L12D	1
0.003480442	E27D	1
1.27057884	K50V;T51M	1
0.149836424	N37E	1
0.920301008	D36W;D46H	1
1.828727164	T51N;V21R	1
1.765806199	D36L;T44A	1
2.050886435	T25M	1
0.00278013	K31D	1
0.356930434	T11I	1
1.250227008	D22N	1
1.282661188	Q32K	1
0.003902023	G9S;K31D	1
0.028356614	A23K;K4Q	1
0.024511649	E56G;K50P	1
0.541365207	D36H;T55I	1
0.669375641	T55V	1
0.01260774	Y45E	1
1.595547625	Q32N;Y3H	1
1.172326049	T53S	1
0.274014435	D47Q;L5I	1
1.031930953	D36Y	1
0.147630571	G9M	1
0.003593012	K10T;W43Q	1
0.001380608	K13V;W43R	1
1.403866536	D47M	1
3.652134633	A24F	1
0.010110384	N35L	1
1.026164204	I6V;K10W	1
0.961585633	T44C	1
0.155993237	E19D;V54G	1
0.003549163	A34K	1
0.845254603	T17L	1
0.38193473	K50P	1
0.190837087	D22G;T16D	1
0.005828463	E27V;G9Y	1
1.101014448	I6Q	1
0.607821681	K4E	1
0.003915228	A34L;F52W	1
0.006057329	V54G;Y33T	1
1.268310775	N8W	1
0.107278648	V54Q	1
0.831557696	T18N;T51H	1
1.404867661	Q2Y;Y3W	1
0.229414152	G14E;T11V	1
0.578474919	T53I;V21N	1
0.00490233	F30T;T51L	1
0.984904381	K10Q	1
0.74302712	D40E	1
1.876516931	T17G	1
0.0	K31N;W43H	1
0.473297661	T17K;T53I	1
0.001972074	E56R;W43N	1
0.09462707	G14Q;L12D	1
0.007316679	A48E;Y33P	1
1.566858616	E42Y	1
1.058632703	D46F	1
0.332156954	A20I	1
1.671839042	I6L;T25K	1
0.805060133	Q32C	1
1.561351475	K50G	1
0.759384665	T53I	1
0.507704051	G38Q;T16G	1
0.962830738	I6C;T25Y	1
0.176297118	K10P;T55M	1
0.919361925	D46N;I6S	1
0.026698842	F30N;T55A	1
0.113100369	G9E	1
0.007395425	A26E	1
1.548716029	V21R	1
0.060758854	G14V;V21E	1
1.506993272	E19N	1
1.384207842	E42V;K4H	1
0.0	D47A;Y3G	1
0.993467796	D46H;K50N	1
0.86867152	T44Y	1
0.394414718	D40N;N37M	1
0.604131796	V54W	1
0.886052111	E19G;L5C	1
0.865987304	A20C;A24L	1
0.368264088	G38K;T11Q	1
1.299144149	T49W	1
0.00616711	E42T;V54P	1
0.004627799	L12I;L5K	1
1.488797939	E19H	1
1.570146209	D46K;E19Y	1
1.201638213	T18R	1
0.741634512	L7V;N37S	1
1.557432475	D47A;V21C	1
0.003249859	A26D;K28M	1
1.080174953	K10T	1
1.423905603	Q2P	1
1.288421411	D22Q;D46Y	1
0.348773532	T11A	1
0.899290323	D36F	1
0.009609218	K31L;T18W	1
1.430005046	E15R	1
0.474958355	T18I;T44Y	1
0.304460484	E19W;Y33R	1
1.338801548	T49K	1
0.371335428	N37I	1
0.213021566	E15P	1
1.239126565	D46L	1
1.704781352	D47Q	1
0.80483467	K13M;V54C	1
0.207060827	G9H	1
1.176247048	T49A	1
0.217628185	T17P;T18L	1
0.445368413	F30W	1
0.947673963	T18S	1
1.944660366	Q2F;T17W	1
0.731368835	E19T;E42P	1
1.00268986	D22H;E15A	1
0.003734011	K31I	1
0.138115344	G9I	1
2.390117656	A24F;E15G	1
1.057339925	V29Y	1
1.683699594	K13T	1
1.586449392	D40C	1
0.003195523	W43I	1
0.302771968	D46A;N37L	1
0.68294442	T55A	1
0.556746796	A23N	1
1.189216784	E19D	1
0.212772384	D40Q;Q32F	1
1.43809382	T17R	1
2.167581289	D40S;D46R	1
2.42959466	A24Q;N8I	1
1.150842158	Y3H	1
0.870986765	A23S;E19M	1
0.010035468	V39N	1
0.509897988	T55D	1
0.162317682	L12E	1
0.352420656	T25E	1
0.075500212	Q32E	1
0.877223119	T51S	1
0.328367537	V54L	1
0.129140921	K28M	1
0.164829946	Y33T	1
4.349176112	D40Y;T51M	1
0.727758769	T17I;T49R	1
1.659077814	T16H;V29K	1
1.373845425	D46N	1
0.951582414	Q2E	1
1.908163796	A48Y;E42K	1
0.0	A34P;T51I	1
0.233492447	A26P	1
0.982582759	T18W	1
1.289636942	Q2G	1
1.41072358	K13R	1
1.210687945	D36I;N8Q	1
0.091582954	F30T	1
0.221812737	G14A	1
0.760899647	K4C	1
0.150176862	F30N	1
0.207282605	G14S	1
1.166698106	T49G	1
0.906005789	I6H;T25N	1
0.274014435	N37A;V21R	1
0.003402794	G41P;T44S	1
1.204422422	D46I	1
1.598720485	A48V;D46N	1
1.089685313	K13I;Q2A	1
0.866734399	D36L;T11R	1
1.458873333	D36T	1
0.316638903	N37G;T17H	1
0.35823111	T18M	1
0.424384162	G38K	1
0.018044172	K31R;T17P	1
1.462347199	A24I	1
0.311216585	Y33G	1
0.632400547	D22P;V29Q	1
0.790788629	A34S	1
0.352343814	K10M;Y33W	1
0.300822961	E56W	1
0.615984049	K13Y	1
0.512739133	T18C;V54S	1
2.031834682	D46V;E42R	1
0.003178434	Q2N;W43R	1
0.368412345	L5M	1
0.034045691	Y3G	1
0.237942386	G9P	1
0.047829032	F30G	1
1.438376879	T44Q	1
1.693097324	D22Q;E19Q	1
0.830597777	I6M	1
2.006200251	K10L;T51M	1
0.903039091	A48Y;D40G	1
1.95041352	D36R;E15Q	1
1.259802452	D36L;N8L	1
0.202466222	A48D;L12E	1
0.062683041	N35T;T55Y	1
1.10180619	V21C	1
0.093302406	N37W;T53I	1
0.009641249	G41I;K28W	1
0.306289002	E56A	1
0.231199762	E56G	1
0.017397742	K31D;T18N	1
0.074510821	A23H;V21S	1
0.152230242	V21D;V54L	1
0.224428286	N37A	1
0.658531716	V21E	1
0.864050213	I6C	1
0.051976831	Y3K	1
0.578474919	K50D;T11K	1
0.112252864	V29P	1
0.0	G14W;K31W	1
0.931309965	K4W	1
0.003030227	N35P	1
1.45427082	T17W	1
0.029613102	V39S	1
0.179217679	A34V	1
1.269791949	Q2I	1
1.399550263	T44G	1
0.0	A34K;N35H	1
1.61703516	E19R	1
0.958347338	K4M	1
0.444727717	D47P;V54G	1
0.520403725	L7P	1
1.640286058	A20K	1
0.300477257	G14I;T25S	1
0.214853923	G14N	1
0.823122058	K13F	1
1.195514833	D22E;V29M	1
0.337443703	T17V;Y33H	1
0.004903466	W43R	1
0.0	E19N;G41L	1
0.705457218	A23P;L5V	1
0.426244677	N8I;T55Y	1
1.195164862	V29M	1
0.121817621	G14F	1
0.029894246	N35W	1
0.007611512	A26Y;L12C	1
0.577935649	F30C	1
0.014401865	L7K;T25D	1
0.302735872	Y33R	1
0.00431238	A48S;G41Q	1
0.191923922	T11L;T25G	1
0.048206243	G14D;V21E	1
0.007260472	L5E	1
0.867712379	T53F;Y3W	1
1.055029625	I6V	1
0.580176053	N37C	1
1.004351497	T16R	1
0.424155473	E42T;E56G	1
0.394923852	A20W	1
1.058784397	K50G;T11S	1
0.110185699	G14K;K50V	1
0.03334365	D46P	1
0.0	K31E;T49M	1
0.850672641	L7T	1
0.762182768	K4F	1
0.022227891	N8P	1
0.179750949	L12S	1
0.745298851	K4S	1
0.004985214	F30R	1
0.00712199	L5P	1
0.001494767	N35Y;T16L	1
0.825217776	G38Y;V29T	1
0.180834099	T11P	1
0.258662138	G9F	1
1.273473784	T49H	1
0.003314476	W43V	1
1.581725001	N8Y	1
1.264448081	I6F	1
1.705455575	E42V;T25A	1
1.016239723	A20N;E42F	1
0.6551106	F30M	1
0.000933024	L12S;N35I	1
0.904485403	T53R	1
1.575762655	K10R	1
1.236496769	E15C	1
1.123915293	T25L	1
0.07433673	E15S;K28A	1
1.76005186	D47F	1
0.629114285	V29F;Y33R	1
0.023427792	L7D	1
2.246353204	D40V;E42M	1
1.005856115	D40T	1
0.1247691	G41C;K13W	1
1.699092312	L7I	1
1.63267497	A24V	1
0.048122406	L5W	1
0.035472519	L7H;Q2S	1
0.004923191	A26D;F30H	1
1.181671633	K50H	1
0.216467525	D46G;T16G	1
0.155993237	K28T;T51H	1
0.001447997	D36M;E27N	1
1.18484532	E42D	1
1.22029888	V54C	1
1.485824355	D22L	1
0.12871029	G14K	1
0.009359271	Q32P;T55L	1
0.540357122	T16C	1
0.004861134	E27T;L5V	1
0.934842152	N8E	1
0.609497233	T16S;T17K	1
0.20869423	N37K	1
0.612252679	E15D	1
0.007870407	A34W;K13L	1
2.237104903	E42F;T51V	1
1.410731218	I6Y	1
0.081914511	Y3R	1
0.067488741	L12S;T55F	1
0.004131964	F52V;T55P	1
0.949910968	T25N	1
0.088611539	V39Q	1
0.0	F30I;Y3N	1
0.04073767	L7K;Y33D	1
1.51792955	Q2A	1
0.0	K50P;Y33A	1
0.282267882	N8Q;Y33Q	1
0.004055342	F52G;T11Q	1
3.909692557	A24P;T51N	1
1.089991393	I6H	1
0.063270694	Q32D;T44Q	1
0.005592862	N37P	1
0.592139681	A20W;A24M	1
1.138585555	A48P;V29C	1
1.544826005	E42N	1
0.310956125	D36S;G14S	1
0.809083164	L7C;V21M	1
0.327469997	E42R;F30A	1
0.004941884	F30V;L5H	1
0.071344642	A23H	1
0.007230936	F52E;T55Y	1
0.250956031	G14I;T11C	1
0.870844914	D36E;T17N	1
0.412952791	L7M	1
0.566474761	G38F	1
0.133049231	A20C;G14W	1
0.440129578	Y45L	1
0.2232856	L5G	1
1.281312144	D46V	1
0.708835464	T11S;T44K	1
1.592799338	K13S	1
0.127746095	G9Q	1
0.102170284	D47S;Q32D	1
0.917090584	V21P	1
0.009460388	D46K;L5P	1
0.005789202	E27L;L7P	1
0.00321375	E15R;E27W	1
0.001487082	A23Y;T16W	1
0.164923873	E15H;F52Y	1
1.360104721	E19Q;K13N	1
1.374227706	Q2L	1
1.196317208	T25P	1
0.007161516	V39G	1
0.967502686	E15L	1
1.323384977	A48L	1
1.163776172	D22M	1
1.299099905	T49S	1
1.07964874	K50Q	1
5.043750366	A24Y;E15N	1
0.056877614	K28S;T25Y	1
1.153009415	A26G	1
0.037320963	N35W;T53K	1
0.210354516	T49H;V39C	1
1.226456515	A24L;E42D	1
0.211227145	F52L	1
0.282397723	K28I	1
3.367159834	D40W	1
0.019282497	A26I;L7Y	1
2.795367352	D47R	1
0.943771188	D40M	1
0.068546836	F30K	1
0.214886671	D46Y;K31R	1
0.422913129	G38R	1
0.00693823	T11E;Y3P	1
0.421316993	G38R;K13W	1
0.342196431	E15C;Q32I	1
0.244000332	E56H	1
1.110299755	V21N	1
0.06361004	N37D	1
1.652040985	D36K;K4L	1
1.089606027	A20T	1
0.007175493	F52W	1
0.013119076	W43F	1
1.420126048	D40R	1
0.171651102	E56M	1
0.922886268	T53C	1
0.451210437	D40I;G14Q	1
0.109172963	K50L;L12K	1
0.255209523	D46H;Y3I	1
0.081833037	A23H;E19P	1
0.140236344	E15I;Q32E	1
1.020838093	D47H;F30W	1
1.056890387	E42R;Q32T	1
0.0	E19G;F30K	1
0.392536552	E42M;N37M	1
1.2687933	A48P	1
1.141097333	I6E	1
1.446187298	D47E;Q2F	1
0.48915568	T44V	1
0.822043306	A34S;D22M	1
0.344631968	N37H	1
0.425144218	A20E;V21Y	1
0.565469267	L5A	1
0.797744995	G9A	1
0.092841654	K4C;L12N	1
1.232327531	T51D	1
0.338260758	Q2I;Y33C	1
0.239588969	Y45H	1
0.0	K28Q;K10E	1
0.042932823	K28N	1
1.262929976	E42C;N8C	1
0.595414316	A20H	1
1.438552351	D22I	1
0.798179966	T55W	1
1.235594155	T49C	1
0.044679157	Y45N	1
0.816670474	N8I;T25P	1
0.002307219	E27A	1
0.021215462	G14R;N8P	1
0.621127448	A23E;D36G	1
0.639121483	E19P;K4G	1
1.34400521	D36I	1
0.39976112	T11C	1
0.000687025	A26T;G41H	1
0.701562324	K4A	1
1.010244315	V39M	1
0.7694213	I6S	1
0.959421817	D40H;L7E	1
0.556347463	F30M;T17F	1
1.097499923	A48D	1
0.056509118	D36K;Y45A	1
0.015257939	Q32P;T55Y	1
0.014024984	A26R;D47R	1
0.757834461	D46L;V21M	1
0.14347399	A23D;T16V	1
2.808560007	A24G;E15S	1
0.047920026	K28G	1
1.400103963	E19T	1
0.007900264	T51F;W43Y	1
0.790860837	Y3L	1
1.609735181	T49M;V39L	1
0.319456299	A20E;V54C	1
0.631577109	T55G;V39I	1
1.685510197	T51R	1
1.107701848	K10W	1
0.003661234	A34F;Q32K	1
0.019154799	D47W;V39P	1
2.334559495	T18Y;T25W	1
0.155630308	A20D;T55F	1
1.160955628	K50A	1
0.002818083	E27V	1
0.003991621	F52E	1
0.079789644	N37A;T55Q	1
0.136495901	E56I	1
0.243305938	Q32W	1
0.011314872	G41M	1
0.014109144	D36P	1
0.211894101	G14I	1
1.556014429	D40N	1
0.059028053	A24M;Y3K	1
2.068486074	E19V;T51W	1
0.895258803	E19K;T55S	1
0.005750248	E27N;T25V	1
0.449515542	G9T;K10R	1
0.553323836	D40L;V21D	1
1.533342416	T51E	1
0.0	A20C;K31D	1
1.03944712	T44W;T53E	1
0.117823437	L7R	1
0.578474919	T11A;V54A	1
0.004689964	K31W	1
0.450451781	K50L;Q2D	1
1.793922221	Q2C;T25M	1
1.341485859	A48V	1
1.797913136	T51V	1
0.463871397	A26C;T51Q	1
0.430253588	A20E;T49L	1
0.187731483	K4G;T11C	1
0.317635319	A20I;A24V	1
1.254296246	A48N	1
0.843021376	D47S;Y3C	1
1.392968818	D46S	1
0.961347083	D40Q	1
0.014846087	V39R	1
2.170777075	T25W	1
1.451339562	E15W	1
0.082620218	L5Y	1
0.000804555	K28N;V39S	1
1.51096265	T25I	1
1.393575338	D22T	1
0.27940215	T11G	1
0.248013879	E56V	1
0.009483195	N35K;T17R	1
0.433856189	K4M;T55M	1
0.645025131	K10L;T18Q	1
0.371669816	Y33H	1
0.520259563	L5F	1
0.007054572	T11H;Y45G	1
2.139033146	D47W	1
0.0	A34Q;Y3V	1
0.002748099	G41D;Y33E	1
0.422614048	T16P	1
0.305298972	Y3V	1
0.407561875	D36G;G38T	1
1.661958566	D36V	1
0.693078441	A23N;D22I	1
0.763134665	A26C;A48K	1
0.952567897	T53K	1
0.010517726	K10P;V39G	1
1.680936814	D40V	1
0.29943563	L12C	1
0.839293154	K50I	1
0.736224107	A26C	1
0.210296052	N37M	1
1.535107711	E42A	1
0.0	A34W;K50Y	1
0.007440192	G41N;T49G	1
1.546340086	D40I	1
0.059845193	A23R	1
0.21440278	G14P;T44G	1
0.047835731	Y45K	1
0.920607945	T51Q;T55K	1
0.041603087	A34L	1
1.022137776	N8A	1
0.006791846	A23Y	1
0.002467896	F52Y;L12Q	1
1.003949138	T53A	1
0.182436625	Y33S	1
0.023372724	E19L;G41V	1
1.100563792	I6R	1
1.243149435	D46Q	1
1.614348611	D22Q;K10H	1
0.023611221	A34Y;D22A	1
0.003607014	G41Q	1
0.138812905	K28F	1
1.000444638	A24T;Y45M	1
0.138833981	G38E;T53F	1
1.131505662	Q2N	1
1.544807826	D22V	1
0.389938485	T16Y	1
0.2010889	I6H;V39T	1
0.004053378	N37R;W43T	1
0.055385897	A20I;K50I	1
0.207036358	G38I	1
0.12717143	N8T;V54G	1
0.008506984	D22V;D36P	1
0.459494277	G38H	1
1.563939751	D46T	1
1.054581468	K10I	1
1.076086648	T49D	1
0.005074341	D47C;E27G	1
0.817805686	E15N	1
1.483660911	E19Q	1
0.046089872	E19K;N8P	1
0.266609671	E56R	1
0.25634167	V29D	1
0.0	E56Y;K31D	1
0.848859284	T55K	1
2.137701637	E42L	1
0.00460674	A34K;K31M	1
1.530615774	E42C	1
0.334075581	E56G;T51W	1
0.036728566	K13W;N35L	1
0.759248331	D40Q;T16I	1
1.338301212	A48C;D46S	1
2.269650084	V29K	1
0.008842277	Y3E	1
1.122989418	A20S	1
0.0	A23F;W43M	1
0.005074341	D47W;K31E	1
0.811658607	G38N;T51Q	1
1.561318769	E19W	1
0.474441311	A24R	1
0.024880546	A26W	1
0.634435482	K13L	1
1.279619323	T49Y	1
0.012999436	E27Y;Q32A	1
0.013014669	G41L;T44G	1
0.604862237	T55F	1
0.0	V39R;Y45H	1
1.221303108	I6W	1
0.700434707	T55C	1
0.123585439	G41C;T25F	1
0.013664762	A26V;G9Q	1
2.564261133	D47W;K50R	1
0.01483269	N35R;V54W	1
0.454577819	G38Q	1
0.012051561	T25C;W43Y	1
0.006606947	V54K	1
0.98435142	K10C	1
0.013212675	A26R;D46C	1
0.001580533	E56S;K31W	1
1.161652886	Q2R;T18Y	1
0.003036536	W43M	1
0.817570788	Q32M	1
0.053431194	V39A	1
0.576644302	A48T;T44V	1
0.01101857	N35W;Y33I	1
0.43064244	T49K;V54S	1
0.14461873	T18F;Y33K	1
0.002461479	E27Q	1
0.006052528	K31L	1
1.091769566	I6Y;K13M	1
0.004045279	T11I;Y45V	1
0.98643085	T44E	1
0.044401829	K28Y	1
0.01566172	N35H	1
0.069815939	F30H;V29P	1
0.379000809	A23T;K50A	1
0.009330241	A48Q;V39N	1
1.207252005	E19Y;T53S	1
0.002822647	W43N	1
0.94021041	N8D	1
3.358529612	D40Y	1
0.004131964	G41T;Q2I	1
1.075875702	D22V;D40L	1
0.02544664	Y45Q	1
0.915003358	N8G	1
1.862934325	D36N	1
0.0	Q2E;W43C	1
0.007073232	N35K	1
0.992821758	V21K	1
0.220822978	T16D	1
1.426752577	D36M	1
1.583574606	T51F	1
0.03634042	Y45G	1
1.907391023	D47P	1
1.330318242	K4L	1
0.556613948	L5A;Q2N	1
0.067264525	G9Q;T18L	1
0.030471856	V54E	1
1.154408953	A48E	1
1.904818114	E42R	1
0.004144651	L5N;Y3R	1
1.410032615	D22C;D46I	1
1.616819208	Q2F	1
0.427866064	V54S	1
0.002427733	A26R;L12P	1
1.484814738	E15V	1
2.072085198	D47P;T49L	1
0.488796525	E15H;V39F	1
1.416908926	T25H	1
0.005322925	V54R	1
0.968060069	T17K;T53A	1
1.293963721	D46C	1
0.533976848	I6K;L12F	1
1.107570379	T18A	1
0.0	A26W;I6N	1
0.103016081	T55K;V54H	1
0.588140497	T18L	1
0.15624389	G9V	1
0.0	N8T;W43M	1
2.035413564	D40S;V29S	1
0.232599538	Q32F	1
0.896998717	K4Q	1
0.012713734	V21E;V39P	1
0.745698422	D40G	1
0.040212431	Y45T	1
0.003076994	A34N;F30M	1
2.045899275	A48V;E42V	1
0.467407735	D22V;K28L	1
1.039712745	A26S	1
0.631668015	T53D	1
1.30726722	D36K	1
0.344836021	A23C	1
0.039818994	K28W	1
1.150837329	T18V	1
0.578639713	Y3A	1
0.996654002	G38A	1
0.150686135	Y3T	1
1.261615348	T49L	1
2.048765339	E19N;T49H	1
0.277226561	Y45M	1
0.002636923	K31S;T16P	1
0.08335228	A23L	1
0.88952482	K50L	1
0.833877959	F30H	1
0.006491212	G41W	1
0.0	A20I;F52D	1
1.870257257	D22H;T25M	1
1.011645712	A48Y;T55K	1
0.27320198	G14W	1
0.394414718	E42P;N8M	1
0.047639111	G38M;N37Y	1
0.004680121	W43G	1
1.520770542	D40Y;G14P	1
0.002413687	E27S	1
0.955070404	K10D	1
0.004061339	F52P	1
1.142415726	D46W	1
0.361546824	D22H;V54I	1
0.008887185	A34W	1
0.543640823	G38C	1
0.003479273	F52R;Q32H	1
0.002176613	K31Y	1
0.320201167	A23T;T44L	1
1.455875858	Q2W	1
1.419562577	N8R	1
0.458308632	A23N;K10V	1
1.012331108	Q32K;T55S	1
1.371706982	E42S;V29F	1
1.006234601	K50T	1
0.76392355	T53N	1
0.002966538	K13D;Y3N	1
0.180892604	L12A	1
1.369873831	E19Q;N8L	1
0.708382119	V54F	1
0.02725798	K28F;V39T	1
0.437547155	D47N;L12M	1
0.17222789	Y33V	1
0.364234356	T11L	1
0.775450723	T17V	1
0.00501938	K28D	1
0.083557488	L7Y;T25P	1
0.032842447	A34V;L5M	1
0.0	T18I;W43I	1
0.77306488	G38W;N8R	1
1.00277728	V29F	1
1.200964234	A48R;D36Y	1
0.032590136	L7H;T49G	1
0.005140892	E27C	1
0.67381495	K10G	1
0.286429329	N37R;V21Y	1
1.356600474	T44A;V29F	1
1.176063361	Q2V	1
0.001857062	A23Y;A26V	1
0.168487841	D47F;V54H	1
0.149633625	A20M;G9T	1
0.351881641	F30S	1
0.013773212	F30G;T51E	1
1.348147068	D36Q	1
0.100835078	T16C;T25E	1
0.032819137	T55P	1
0.0	A34E;E56K	1
0.194459083	L12T;T11V	1
0.183839261	F52M	1
1.952352852	D47G;E19C	1
0.303427515	T16W	1
0.008062421	W43Y	1
0.271505697	A20G;T17D	1
1.085265405	K13V	1
0.287660661	Y3I	1
1.373110318	E19L;T49V	1
1.158377712	T25A	1
0.325608637	G14E;T17C	1
0.975224404	Q32G;T16L	1
0.223278927	G14C	1
1.113754619	Y3W	1
0.008432061	G41L	1
0.127904002	T18S;Y33A	1
0.109178567	T16S;Y3A	1
0.009160458	A26R	1
1.282286071	E19I;T25N	1
1.564511713	E19V;T25Y	1
0.451575041	G38E	1
0.192824973	A26V;E19W	1
0.008118592	N35Q	1
0.0	F30E;K28G	1
0.141133941	G14S;V21T	1
0.070545722	E56Q;N37W	1
0.444980707	N37S;T49P	1
0.035416832	A26Q;L12F	1
0.826392742	D47F;K4G	1
0.016527855	E27C;K4C	1
0.614629602	D36F;T53Y	1
0.687646897	T44D	1
0.061045092	K50Y;L5Q	1
1.061429045	K10L	1
0.059838028	F52I	1
0.412477768	E42F;E56W	1
0.911525044	Y45F	1
0.4456618	D46Y;K10G	1
1.37899946	A48F	1
0.966932472	K50C	1
0.945530805	K10A	1
0.724730842	K10W;Y3L	1
2.932969327	D36M;T25W	1
0.092565713	K28T	1
0.772806337	D22K;T44M	1
0.158391942	L12R;N37C	1
1.210953035	D47G;V21T	1
0.260597066	L7K	1
0.405966754	D46H;T55G	1
0.006986412	D40F;F52K	1
0.41774313	Q32V	1
0.0	E19M;E27A	1
0.096412487	A20I;G38H	1
0.837561445	K4T	1
0.250731938	G9Y	1
0.513894825	A23G	1
0.003822521	F52N;L12P	1
0.159545005	L12W	1
1.640917656	D47S;Y45F	1
0.003422929	E56M;K31G	1
1.755034077	E42G;N8F	1
1.330503695	Q2K	1
0.550910306	T55I	1
0.004306265	A34V;G14D	1
0.874681956	D36A;L5F	1
1.476366739	T25S	1
1.3972499	E15I	1
1.30305336	E42I;K4A	1
1.172388749	T49E	1
1.491131711	K13T;T17K	1
1.371010405	A48I	1
0.005750248	Q32Y;T18P	1
0.080096527	A26I;N8I	1
0.209920139	A34T	1
0.243100997	A20F	1
3.488233498	E42R;T25R	1
1.470448543	E15T	1
2.922039976	D40Y;E15W	1
0.805327829	E42C;T53L	1
0.406366679	E15D;K50M	1
0.269656365	G9W	1
0.324487536	A26V	1
0.013683895	N35R	1
0.125499643	K28F;V21I	1
0.003373032	A26W;G9E	1
0.418497407	F30Y	1
0.392077445	Q32A;T18L	1
1.065133478	K50V	1
0.002340466	E27R	1
0.340602516	E19S;G14T	1
0.85069841	E19K;I6N	1
0.24476683	G9R	1
0.073206503	A24S;Y45S	1
0.00602578	E15W;K31N	1
0.008280771	A23F	1
0.004922265	F52G	1
0.003392815	F52S;T18C	1
1.702378261	D36R	1
0.004678325	A48R;F52Q	1
0.005294921	A26K	1
0.054305809	Q32E;T44R	1
0.739945567	T11S	1
0.088542079	A20W;K4N	1
0.181271649	Q32H;V39T	1
1.03756341	A34C	1
0.121401941	G9N	1
0.004959271	G41N	1
1.152847179	Q32H;V29W	1
0.008638978	T53P	1
0.449356744	L12I	1
0.117837484	G38F;N37T	1
1.302914708	A48M	1
0.696275209	T16Q	1
1.028768348	T17K	1
0.0	A26D;A34R	1
0.405930315	A23D	1
1.29447164	N8K	1
0.05381162	Q32E;T55Y	1
0.212073734	L12Q	1
0.449924937	A23G;K10N	1
1.808755051	Y45W	1
0.167542055	G14Y	1
0.324200229	G14W;V21T	1
0.006419574	F30L;N35M	1
0.021085457	A24M;N35V	1
0.180773412	A48H;K28C	1
1.27068389	D40T;E42Y	1
1.446187298	E19F;T49E	1
0.153323342	A34G;K10S	1
0.829985754	T16C;V21W	1
1.484134993	D22G	1
0.899309748	D40C;T53Y	1
0.983743139	D46Y	1
0.96894549	D46K;N8V	1
1.121215998	K13N	1
0.049132517	N35S	1
1.024400282	Q2C	1
0.058858419	L7W	1
0.59410217	G38S	1
0.047286778	N37D;T44R	1
0.022300216	F52C	1
0.013147157	K4E;Y45H	1
1.548921915	A48Q;D46S	1
0.063659919	Q32E;V29Y	1
0.00205133	A48Y;E27G	1
0.212351553	F30N;T16K	1
0.004321008	G41F;L5T	1
0.710697758	T18W;T51D	1
1.56234692	D36G;N8E	1
1.791713708	T25F	1
0.059525454	N35G;V29S	1
0.194110473	F30V;T11S	1
0.022537984	E15Q;Y3E	1
1.088969415	A34S;T51W	1
1.010035573	K13C;K10Q	1
0.039034584	A23R;T25G	1
0.0	A34P;Q32F	1
0.016527855	D47W;N35D	1
0.87728003	D36W	1
0.0	E19Y;E27Y	1
0.006463407	D46I;G41S	1
0.002342004	L5N;Y3N	1
1.596368286	D47K;K10F	1
0.677331167	T18Q	1
1.141060117	D36E	1
0.013505251	G41Y;L7M	1
0.022107322	V21W;Y45Q	1
0.022853462	V39H	1
0.027233397	A23K;T11S	1
1.061914673	T44K;T55K	1
0.96282211	T53E	1
0.01267343	N35A	1
0.051814571	N35G	1
0.486202846	D22G;T11Y	1
1.446187298	A20G;D47W	1
0.0	E27V;E42W	1
0.008147534	K28L;Y3E	1
0.011254376	G41Y;T51R	1
0.010745664	K31M;T53S	1
0.64868836	A48N;L5A	1
0.021625231	A48T;V39K	1
0.133494212	E56M;T11D	1
0.927433474	D40L;K13R	1
0.018751213	A48I;Q32P	1
0.015812526	D47N;F52C	1
0.985335612	L7C;T25L	1
0.003456395	G38L;G41Y	1
0.0	G9I;W43I	1
0.003562557	W43T	1
0.015165555	N35Y	1
0.45241107	T55G	1
0.077375626	G14S;T55I	1
0.002888304	K31G	1
0.274901437	N37V	1
0.393157063	Q32I	1
1.576025442	A20T;E42S	1
0.001992451	G9D;N35A	1
0.00321375	D47V;W43D	1
0.29644587	F30C;T17L	1
1.447046297	V29N	1
0.02725798	A23T;L7Y	1
0.786225525	F30L	1
0.146989529	E56W;L12F	1
0.205965419	A20P;T44M	1
0.003517267	G41K	1
0.00101132	A48M;F52Q	1
0.088811502	I6S;T16D	1
0.002430433	E27M	1
0.503832994	T51G;T55F	1
0.932480586	L7A	1
0.681577692	T55Q	1
0.003555362	K31Q	1
0.021800545	D22L;Y3S	1
0.05239809	G41C	1
1.520617071	D47L	1
0.01829726	L12F;Y33A	1
1.138487873	K4L;K50L	1
0.057847492	E19W;V39S	1
1.309560519	A48W	1
0.403989278	G38L;Q32S	1
0.407220852	E56Q	1
0.332154193	L12V	1
1.574744265	D22Q	1
0.003284341	W43S	1
1.515387735	D47T	1
1.640209679	D22W	1
1.896118485	E42I	1
0.14461873	A23N;N37M	1
0.003756331	A34H;Y3H	1
0.170874304	E56D	1
0.084051911	D22T;Q32E	1
0.096509752	N35T	1
0.004542997	K28S;V39T	1
0.253442835	A34G	1
0.309606295	A48E;G9F	1
0.004151681	F52N	1
0.001747658	E27F;T51R	1
2.636231445	D40F	1
0.098901223	N37Y	1
0.134207955	L7E	1
1.134096814	T44H	1
0.173542476	G14I;N8H	1
0.007091636	L5V;W43R	1
0.063505722	A23K	1
0.195469891	K28L	1
1.258573811	D22F;Y45W	1
0.001860048	V29M;W43H	1
0.948672362	K50W	1
0.003771444	W43A	1
0.1423355	L12N	1
0.633685321	G9C	1
0.886271956	K13V;N8L	1
0.581819671	K4D	1
0.621524941	T55M	1
0.135313664	G14D	1
0.131590015	G14E;N8A	1
1.278734032	D47T;Y45F	1
1.448932838	V21W	1
0.716162898	T17E	1
1.948816054	A24C	1
0.00600493	G41M;V54P	1
1.016315072	D22P	1
0.044859498	Y33E	1
0.865661049	V21M;V29I	1
0.001958719	D36Q;K31V	1
0.899849874	N8E;T49Q	1
2.928529278	A24Q;N8D	1
1.506256469	D36C	1
0.31858039	Q32R;Y33S	1
5.19250106	A24H;T53G	1
1.296327862	V29I	1
0.011805611	A34R;T18S	1
0.206023729	L5I	1
0.084540313	D40T;Y3R	1
1.274878334	Q2S	1
0.149974979	E19N;E56I	1
0.085597721	I6W;N35T	1
0.002388446	E27W	1
1.362057714	V21Y	1
0.390986764	T11V	1
1.596445184	E42F	1
0.887803537	K13I	1
0.003071508	W43P	1
0.021424997	V54A;Y45D	1
1.237956509	A48G	1
1.402046789	E19S	1
0.025757696	K4L;V39S	1
0.212786707	V39T	1
0.002129356	G38V;G41Q	1
0.938283919	T17M	1
0.778384822	T11S;T44M	1
0.586555318	T55L	1
0.041319637	K28P;Q2W	1
0.042180463	K4G;Y33Q	1
0.0	E27W;Y45T	1
1.160342889	T25Y	1
0.759248331	K50I;Q2C	1
1.274126474	T44W	1
0.008809263	G38C;N35I	1
0.460180674	T16E	1
0.325460896	V54I	1
0.104687435	L12P	1
0.712856058	K10M	1
0.119917428	E15W;L5Y	1
0.982052659	D40K	1
0.265571385	A23E	1
0.634732102	G38Y	1
0.096412487	G41A;T53V	1
0.016181117	F52A;T17N	1
0.795403014	A48Q;T55V	1
0.495835645	T49Q;Y33M	1
0.002740368	K31S	1
0.012304968	D36P;D46V	1
0.941044541	T55R	1
0.662675419	T55Y	1
0.023294292	A20S;Y45A	1
0.004584455	K31A;V29L	1
1.067924923	K13T;T44D	1
0.799400014	Q32T;T25S	1
0.227520749	L12T	1
0.277402493	Y3S	1
1.832548719	E42T	1
0.040374489	K28S	1
0.765327437	A48I;T55M	1
0.324250415	A23M;Y3A	1
0.041319637	G14M;T51A	1
0.003684554	K28W;Q32V	1
1.075217365	I6T	1
0.001244032	A34Y;F52S	1
1.207374215	T49F	1
0.233724994	K31R	1
0.494064803	K50C;T44I	1
1.826313595	E42V	1
0.166454172	G14R	1
1.548118509	Q2R	1
0.810437052	T18N	1
0.187432879	Y33N	1
1.060859227	D22K	1
1.095868636	D46C;T18V	1
0.903018501	K10S	1
1.162265815	D46G	1
0.616255783	Y3C	1
1.659826693	D36A	1
0.885872265	K10S;V21G	1
0.0	K31Q;K4G	1
1.129507954	A48S;V29I	1
0.005134393	D36E;E27Q	1
0.047893334	Y45R	1
0.0	G41M;K4Q	1
0.05246938	V29I;Y45S	1
0.527433014	A20W;E19A	1
0.003629097	K31P	1
0.449664714	A26C;V21M	1
0.563896984	G38D	1
0.003894999	F52K	1
0.414884909	T11Y	1
0.005323389	A23L;V54R	1
0.678002545	T53H	1
0.471242671	G38T	1
0.027453047	D22L;N35Y	1
0.586940406	T55I;V21F	1
0.170842984	K28V	1
1.37302628	D36T;T25Y	1
0.008113474	A26Y	1
0.036154682	T44F;V54N	1
1.40996287	D47C	1
0.002955135	G41I	1
1.688068471	E15H	1
0.009525935	Y3D	1
0.0	Y3R;Y33E	1
0.007474323	A26F	1
0.001667075	A34Q;T17P	1
0.540214431	T16M	1
0.02222839	F52H	1
0.004554921	T55K;W43R	1
1.420991864	D22H	1
0.576406677	T44I	1
0.584974637	D36S;N37L	1
0.168663772	A24D;L12G	1
0.279827361	A20D	1
1.733995147	E42M	1
1.361622108	A20K;A48S	1
0.105721278	G9E;L5C	1
0.898525027	N8V	1
0.006126058	G41Q;T53E	1
1.523022232	D47V	1
0.00980466	Q32D;Y33C	1
0.192824973	A34T;T25P	1
0.004109089	I6P	1
0.099425377	G9R;T55K	1
1.558062164	E19K	1
0.0	A34L;V54Y	1
0.014201457	A26N	1
0.910282705	N8I	1
0.6617573	K13Y;T49G	1
0.189820816	E56Y	1
0.150906501	G14E;K50E	1
0.090996055	L5G;Q32M	1
0.001937939	E27Q;G41Y	1
0.004382386	K4G;N8P	1
2.179925374	D47H	1
0.299719891	D47M;V39T	1
0.0	E27K;T49R	1
